{
  "results": [
    {
      "gender": "male",
      "name": {
        "title": "mr",
        "first": "owen",
        "last": "rivera"
      },
      "location": {
        "street": "2887 hickory creek dr",
        "city": "jacksonville",
        "state": "texas",
        "postcode": 55570
      },
      "email": "owen.rivera@example.com",
      "login": {
        "username": "bigbutterfly552",
        "password": "palmer",
        "salt": "ukdqJzPH",
        "md5": "3480ab86ca49c70aca8457f5a772520b",
        "sha1": "c398ec4592763bda6c358f8b1828d2c3888b1926",
        "sha256": "a38072da14b5628ce93b4eedd78321b21a9269025edbbd9c242cee270a056d1e"
      },
      "dob": "1948-02-08 17:36:04",
      "registered": "2005-06-08 15:46:31",
      "phone": "(272)-436-1873",
      "cell": "(204)-968-2715",
      "id": {
        "name": "SSN",
        "value": "104-92-1564"
      },
      "picture": {
        "large": "https://randomuser.me/api/portraits/men/15.jpg",
        "medium": "https://randomuser.me/api/portraits/med/men/15.jpg",
        "thumbnail": "https://randomuser.me/api/portraits/thumb/men/15.jpg"
      },
      "nat": "US"
    },
    {
      "gender": "male",
      "name": {
        "title": "mr",
        "first": "matthew",
        "last": "mitchell"
      },
      "location": {
        "street": "8317 9th st",
        "city": "springfield",
        "state": "northwest territories",
        "postcode": 62576
      },
      "email": "matthew.mitchell@example.com",
      "login": {
        "username": "purplemouse473",
        "password": "3006",
        "salt": "simHYt6o",
        "md5": "c18d11a369c0086fe4916442d16f37be",
        "sha1": "c588cbffc43b66d34784391cfcb32b531bffe60c",
        "sha256": "72c8336d679b949b9025e23aaccda7ba98914508fbfbff73bdd41acb55acd29f"
      },
      "dob": "1951-05-12 04:23:18",
      "registered": "2003-10-30 09:36:48",
      "phone": "264-057-1513",
      "cell": "259-725-7041",
      "id": {
        "name": "",
        "value": null
      },
      "picture": {
        "large": "https://randomuser.me/api/portraits/men/43.jpg",
        "medium": "https://randomuser.me/api/portraits/med/men/43.jpg",
        "thumbnail": "https://randomuser.me/api/portraits/thumb/men/43.jpg"
      },
      "nat": "CA"
    },
    {
      "gender": "female",
      "name": {
        "title": "miss",
        "first": "molly",
        "last": "kumar"
      },
      "location": {
        "street": "4152 devonport road",
        "city": "porirua",
        "state": "west coast",
        "postcode": 67673
      },
      "email": "molly.kumar@example.com",
      "login": {
        "username": "goldenlion340",
        "password": "wyatt",
        "salt": "mSsEE8iP",
        "md5": "949d9e203fdf64266e800b5f12f6205e",
        "sha1": "c3b5494b68ec290b6cedc91630e1b01180c6901e",
        "sha256": "48b7408d6638084fa2644768fb987bef983d4746679e1b16365246a35d6050ca"
      },
      "dob": "1966-08-18 13:26:11",
      "registered": "2004-10-31 11:23:25",
      "phone": "(256)-093-5756",
      "cell": "(831)-566-2062",
      "id": {
        "name": "",
        "value": null
      },
      "picture": {
        "large": "https://randomuser.me/api/portraits/women/9.jpg",
        "medium": "https://randomuser.me/api/portraits/med/women/9.jpg",
        "thumbnail": "https://randomuser.me/api/portraits/thumb/women/9.jpg"
      },
      "nat": "NZ"
    },
    {
      "gender": "male",
      "name": {
        "title": "mr",
        "first": "taylor",
        "last": "holmes"
      },
      "location": {
        "street": "8171 springfield road",
        "city": "salford",
        "state": "mid glamorgan",
        "postcode": "H35 5PP"
      },
      "email": "taylor.holmes@example.com",
      "login": {
        "username": "blackgoose541",
        "password": "wwww",
        "salt": "cyGW2TQR",
        "md5": "b9a638311c3582bbf8b2640c8e32c768",
        "sha1": "1d1954a3611b39d35adbe64f725e768d7aa1bda5",
        "sha256": "eb5cbecca2373cb2eb3ae34874b4c6acf820fc7b69e9f63615a0f3eb7e329a99"
      },
      "dob": "1984-03-07 08:31:28",
      "registered": "2006-09-29 14:47:33",
      "phone": "0101 377 5853",
      "cell": "0732-680-583",
      "id": {
        "name": "NINO",
        "value": "BL 79 98 54 J"
      },
      "picture": {
        "large": "https://randomuser.me/api/portraits/men/60.jpg",
        "medium": "https://randomuser.me/api/portraits/med/men/60.jpg",
        "thumbnail": "https://randomuser.me/api/portraits/thumb/men/60.jpg"
      },
      "nat": "GB"
    },
    {
      "gender": "male",
      "name": {
        "title": "mr",
        "first": "lachlan",
        "last": "lee"
      },
      "location": {
        "street": "7533 hillsborough road",
        "city": "tauranga",
        "state": "manawatu-wanganui",
        "postcode": 98620
      },
      "email": "lachlan.lee@example.com",
      "login": {
        "username": "orangewolf131",
        "password": "michaels",
        "salt": "P5oaeN8Z",
        "md5": "16954229c3f00a6e0d4cbf56a2086581",
        "sha1": "d2425fc655bc8377be06d0eb94845e17547b1181",
        "sha256": "dd40c3721baf3662f91c382c367f580fc15a758caef4278d05f37bd2aa91af85"
      },
      "dob": "1992-07-19 13:20:43",
      "registered": "2013-07-21 01:35:42",
      "phone": "(171)-488-5717",
      "cell": "(823)-063-9544",
      "id": {
        "name": "",
        "value": null
      },
      "picture": {
        "large": "https://randomuser.me/api/portraits/men/35.jpg",
        "medium": "https://randomuser.me/api/portraits/med/men/35.jpg",
        "thumbnail": "https://randomuser.me/api/portraits/thumb/men/35.jpg"
      },
      "nat": "NZ"
    },
    {
      "gender": "male",
      "name": {
        "title": "mr",
        "first": "cameron",
        "last": "cole"
      },
      "location": {
        "street": "7155 novara avenue",
        "city": "monaghan",
        "state": "sligo",
        "postcode": 43667
      },
      "email": "cameron.cole@example.com",
      "login": {
        "username": "tinyfrog767",
        "password": "cameltoe",
        "salt": "mC0fSULR",
        "md5": "6209a69d73dee612592f306b03ea31dc",
        "sha1": "5c2eff35c50b4418e0392de481aab939a0908f85",
        "sha256": "90bd7eb9eb5a8b341394352871d53f9ff250d65bf8d2f4718a837f1857433d22"
      },
      "dob": "1970-07-18 03:33:13",
      "registered": "2015-02-09 10:00:11",
      "phone": "041-214-5978",
      "cell": "081-846-1458",
      "id": {
        "name": "PPS",
        "value": "5454554T"
      },
      "picture": {
        "large": "https://randomuser.me/api/portraits/men/39.jpg",
        "medium": "https://randomuser.me/api/portraits/med/men/39.jpg",
        "thumbnail": "https://randomuser.me/api/portraits/thumb/men/39.jpg"
      },
      "nat": "IE"
    },
    {
      "gender": "male",
      "name": {
        "title": "mr",
        "first": "angel",
        "last": "kelley"
      },
      "location": {
        "street": "4725 adams st",
        "city": "berkeley",
        "state": "mississippi",
        "postcode": 13153
      },
      "email": "angel.kelley@example.com",
      "login": {
        "username": "brownduck549",
        "password": "1943",
        "salt": "w0sYoUOU",
        "md5": "4a5db5c347a9ba3f35c7a1b70145ba9b",
        "sha1": "12c6c67396fdabe144bfbb487b97b7198cdab4c9",
        "sha256": "a47f5ecc5b1b2eec2ded4015a3978103dac6a3b6e049a07093dd6870e9547274"
      },
      "dob": "1984-01-29 08:12:48",
      "registered": "2010-09-12 14:03:39",
      "phone": "(020)-264-0054",
      "cell": "(997)-459-2011",
      "id": {
        "name": "SSN",
        "value": "678-55-1866"
      },
      "picture": {
        "large": "https://randomuser.me/api/portraits/men/87.jpg",
        "medium": "https://randomuser.me/api/portraits/med/men/87.jpg",
        "thumbnail": "https://randomuser.me/api/portraits/thumb/men/87.jpg"
      },
      "nat": "US"
    },
    {
      "gender": "female",
      "name": {
        "title": "mrs",
        "first": "ella",
        "last": "heinonen"
      },
      "location": {
        "street": "8990 satakennankatu",
        "city": "hämeenkoski",
        "state": "ostrobothnia",
        "postcode": 73409
      },
      "email": "ella.heinonen@example.com",
      "login": {
        "username": "ticklishgoose522",
        "password": "freak",
        "salt": "697BP3Jm",
        "md5": "f74a908429b006d34d153575d5e68ccf",
        "sha1": "5bc49f3f850391ca3a54a15d9287e60db6c3783f",
        "sha256": "1bdd6ce75aaac2389f033e051a1484efcfa0c8f0d53806db43784d912929e085"
      },
      "dob": "1952-02-29 04:09:36",
      "registered": "2006-05-24 12:51:33",
      "phone": "09-129-168",
      "cell": "041-554-96-01",
      "id": {
        "name": "HETU",
        "value": "652-6828"
      },
      "picture": {
        "large": "https://randomuser.me/api/portraits/women/87.jpg",
        "medium": "https://randomuser.me/api/portraits/med/women/87.jpg",
        "thumbnail": "https://randomuser.me/api/portraits/thumb/women/87.jpg"
      },
      "nat": "FI"
    },
    {
      "gender": "male",
      "name": {
        "title": "monsieur",
        "first": "thibault",
        "last": "morel"
      },
      "location": {
        "street": "7866 boulevard de la duchère",
        "city": "montricher",
        "state": "graubünden",
        "postcode": 8902
      },
      "email": "thibault.morel@example.com",
      "login": {
        "username": "goldensnake725",
        "password": "rootbeer",
        "salt": "hSBikSU2",
        "md5": "a426217bdb829307a8c174f77a152aa2",
        "sha1": "5b30e2e2944e174c4de38d611a9d2c00279903a6",
        "sha256": "e3d1e7d9b657f57c73900823d749fbd653db6c30e61226437404828e26df4bab"
      },
      "dob": "1951-03-24 13:32:40",
      "registered": "2002-08-06 14:33:28",
      "phone": "(947)-726-2025",
      "cell": "(028)-072-1729",
      "id": {
        "name": "AVS",
        "value": "756.LPWS.GQHS.65"
      },
      "picture": {
        "large": "https://randomuser.me/api/portraits/men/46.jpg",
        "medium": "https://randomuser.me/api/portraits/med/men/46.jpg",
        "thumbnail": "https://randomuser.me/api/portraits/thumb/men/46.jpg"
      },
      "nat": "CH"
    },
    {
      "gender": "female",
      "name": {
        "title": "miss",
        "first": "isabella",
        "last": "anderson"
      },
      "location": {
        "street": "4150 otipua road",
        "city": "gisborne",
        "state": "otago",
        "postcode": 40923
      },
      "email": "isabella.anderson@example.com",
      "login": {
        "username": "organicswan492",
        "password": "qwertyuiop",
        "salt": "IDsoKWkn",
        "md5": "1b12c48a254158ec5ebfbd6b8dee593c",
        "sha1": "40483dfa2855df2763a4350db1e5d7c9b25caa31",
        "sha256": "d06771d2cb33f5a923712f5bd22b0a83c48e596ace09dfeb381be87f084794f5"
      },
      "dob": "1981-01-06 15:36:24",
      "registered": "2006-10-07 20:24:23",
      "phone": "(682)-195-5401",
      "cell": "(574)-656-4127",
      "id": {
        "name": "",
        "value": null
      },
      "picture": {
        "large": "https://randomuser.me/api/portraits/women/24.jpg",
        "medium": "https://randomuser.me/api/portraits/med/women/24.jpg",
        "thumbnail": "https://randomuser.me/api/portraits/thumb/women/24.jpg"
      },
      "nat": "NZ"
    },
    {
      "gender": "male",
      "name": {
        "title": "mr",
        "first": "topias",
        "last": "wainio"
      },
      "location": {
        "street": "6859 korkeavuorenkatu",
        "city": "lavia",
        "state": "åland",
        "postcode": 84450
      },
      "email": "topias.wainio@example.com",
      "login": {
        "username": "purplegoose653",
        "password": "maxim",
        "salt": "b4A9tWeL",
        "md5": "f58be29a02224c598fabf100dbd41b3c",
        "sha1": "08f3dbe27fa912b1100bab5e243690213b15552d",
        "sha256": "7936450d42e5fcaa368086e4c5501ee53d47b4afee5329aaddd1363361ea77d2"
      },
      "dob": "1952-04-25 00:14:11",
      "registered": "2014-03-26 21:24:57",
      "phone": "06-921-909",
      "cell": "047-224-89-19",
      "id": {
        "name": "HETU",
        "value": "852-239K"
      },
      "picture": {
        "large": "https://randomuser.me/api/portraits/men/33.jpg",
        "medium": "https://randomuser.me/api/portraits/med/men/33.jpg",
        "thumbnail": "https://randomuser.me/api/portraits/thumb/men/33.jpg"
      },
      "nat": "FI"
    },
    {
      "gender": "female",
      "name": {
        "title": "mrs",
        "first": "avery",
        "last": "gill"
      },
      "location": {
        "street": "1486 dalhousie ave",
        "city": "borden",
        "state": "québec",
        "postcode": 83737
      },
      "email": "avery.gill@example.com",
      "login": {
        "username": "purpletiger494",
        "password": "sssssss",
        "salt": "wy0xvYlJ",
        "md5": "ba42d420fed15d4493885192b73fb373",
        "sha1": "9572ff471ad1e2fce02573396e5f642cbf285244",
        "sha256": "ce018dfdea09a11bc8b6445288119b0cd253d079c47a5cc4f875d9c43f3b6c00"
      },
      "dob": "1990-12-07 06:58:09",
      "registered": "2008-06-01 11:18:53",
      "phone": "912-920-3443",
      "cell": "326-337-9659",
      "id": {
        "name": "",
        "value": null
      },
      "picture": {
        "large": "https://randomuser.me/api/portraits/women/4.jpg",
        "medium": "https://randomuser.me/api/portraits/med/women/4.jpg",
        "thumbnail": "https://randomuser.me/api/portraits/thumb/women/4.jpg"
      },
      "nat": "CA"
    },
    {
      "gender": "female",
      "name": {
        "title": "ms",
        "first": "julia",
        "last": "ranta"
      },
      "location": {
        "street": "7352 pispalan valtatie",
        "city": "mariehamn",
        "state": "åland",
        "postcode": 23234
      },
      "email": "julia.ranta@example.com",
      "login": {
        "username": "whitebutterfly538",
        "password": "number",
        "salt": "tNRNKiuE",
        "md5": "170adbcb97975016cd6aff79e7bc2201",
        "sha1": "ae1ae47a831bcc5e236be79a4a20c0476ea451db",
        "sha256": "5f25fefedd370d1fd82f2ea3a801a87674532acb028311a4c6cee77fb8cd788e"
      },
      "dob": "1965-10-25 23:02:44",
      "registered": "2005-02-08 14:16:18",
      "phone": "07-733-513",
      "cell": "043-668-46-14",
      "id": {
        "name": "HETU",
        "value": "1065-142D"
      },
      "picture": {
        "large": "https://randomuser.me/api/portraits/women/79.jpg",
        "medium": "https://randomuser.me/api/portraits/med/women/79.jpg",
        "thumbnail": "https://randomuser.me/api/portraits/thumb/women/79.jpg"
      },
      "nat": "FI"
    },
    {
      "gender": "female",
      "name": {
        "title": "miss",
        "first": "sheryl",
        "last": "soto"
      },
      "location": {
        "street": "5483 grange road",
        "city": "winchester",
        "state": "highlands and islands",
        "postcode": "QD8 7YB"
      },
      "email": "sheryl.soto@example.com",
      "login": {
        "username": "purplewolf472",
        "password": "spunk",
        "salt": "zuq6j6tl",
        "md5": "74d69265dbfab643404165a20475a519",
        "sha1": "eaed0cdec38fc3b55e0a414d9b99442253952ee5",
        "sha256": "d59aeece3ce0b15b233a5d9f44c6c4d78d857448ec7720a84a92ef609d5a7e9c"
      },
      "dob": "1951-07-29 15:20:51",
      "registered": "2013-11-29 04:47:23",
      "phone": "016973 45267",
      "cell": "0716-160-765",
      "id": {
        "name": "NINO",
        "value": "WG 97 50 06 Y"
      },
      "picture": {
        "large": "https://randomuser.me/api/portraits/women/46.jpg",
        "medium": "https://randomuser.me/api/portraits/med/women/46.jpg",
        "thumbnail": "https://randomuser.me/api/portraits/thumb/women/46.jpg"
      },
      "nat": "GB"
    },
    {
      "gender": "male",
      "name": {
        "title": "mr",
        "first": "abbas",
        "last": "van geffen"
      },
      "location": {
        "street": "8698 domstraat",
        "city": "koggenland",
        "state": "drenthe",
        "postcode": 99614
      },
      "email": "abbas.vangeffen@example.com",
      "login": {
        "username": "lazyswan141",
        "password": "loud",
        "salt": "9Ae63LRI",
        "md5": "e1b7edf0f0b7efde712d79a01303ef64",
        "sha1": "72a17554b1247d2f6d4a746c2ee1bb0a299ad8c8",
        "sha256": "1b89588351c27aa7b6fa2d0677ae7cadcccddb2a960cbc93065f3a7c013e8795"
      },
      "dob": "1979-05-07 22:26:07",
      "registered": "2014-08-17 00:31:30",
      "phone": "(435)-088-1283",
      "cell": "(948)-612-1411",
      "id": {
        "name": "BSN",
        "value": "56353371"
      },
      "picture": {
        "large": "https://randomuser.me/api/portraits/men/53.jpg",
        "medium": "https://randomuser.me/api/portraits/med/men/53.jpg",
        "thumbnail": "https://randomuser.me/api/portraits/thumb/men/53.jpg"
      },
      "nat": "NL"
    },
    {
      "gender": "male",
      "name": {
        "title": "mr",
        "first": "leonard",
        "last": "foster"
      },
      "location": {
        "street": "8800 main street",
        "city": "bradford",
        "state": "county fermanagh",
        "postcode": "S2U 6GD"
      },
      "email": "leonard.foster@example.com",
      "login": {
        "username": "yellowkoala388",
        "password": "robins",
        "salt": "QbJhzVpt",
        "md5": "27f0f03a2e0578c840571ff631e30dfd",
        "sha1": "d93e84898a99941c6058c4a81a1ff7d17e2b7dda",
        "sha256": "8d5159dbf82ccadc2219db4e5677ce5dad4b9806226e65d386d65bc45efcc877"
      },
      "dob": "1960-03-11 04:08:32",
      "registered": "2006-10-05 03:16:39",
      "phone": "024 2977 0577",
      "cell": "0737-080-285",
      "id": {
        "name": "NINO",
        "value": "GR 26 60 65 E"
      },
      "picture": {
        "large": "https://randomuser.me/api/portraits/men/51.jpg",
        "medium": "https://randomuser.me/api/portraits/med/men/51.jpg",
        "thumbnail": "https://randomuser.me/api/portraits/thumb/men/51.jpg"
      },
      "nat": "GB"
    },
    {
      "gender": "female",
      "name": {
        "title": "mrs",
        "first": "candela",
        "last": "pinto"
      },
      "location": {
        "street": "8119 rua primeiro de maio ",
        "city": "franco da rocha",
        "state": "espírito santo",
        "postcode": 94086
      },
      "email": "candela.pinto@example.com",
      "login": {
        "username": "greenfish658",
        "password": "manfred",
        "salt": "fhkvghYB",
        "md5": "7fda33405905d92942b9d8846109e3f8",
        "sha1": "83f847cfb71b36dcfb494cfe54117ada38687e89",
        "sha256": "e276bf7eb06d0b959ef3e36fd485ec769378c1de018e10df732fea18a1713f0e"
      },
      "dob": "1993-08-08 21:25:51",
      "registered": "2012-04-15 12:09:48",
      "phone": "(41) 8426-9003",
      "cell": "(82) 9140-2611",
      "id": {
        "name": "",
        "value": null
      },
      "picture": {
        "large": "https://randomuser.me/api/portraits/women/80.jpg",
        "medium": "https://randomuser.me/api/portraits/med/women/80.jpg",
        "thumbnail": "https://randomuser.me/api/portraits/thumb/women/80.jpg"
      },
      "nat": "BR"
    },
    {
      "gender": "male",
      "name": {
        "title": "mr",
        "first": "ticiano",
        "last": "nascimento"
      },
      "location": {
        "street": "6897 rua dezenove de outubro",
        "city": "araguaína",
        "state": "são paulo",
        "postcode": 32034
      },
      "email": "ticiano.nascimento@example.com",
      "login": {
        "username": "bluetiger407",
        "password": "manga",
        "salt": "In51lp0k",
        "md5": "f560a18bf6d735fe131e9416fb7b857c",
        "sha1": "25dc120ecd40a977f8e34159b43a7d34da608d1e",
        "sha256": "8eb74f278ca0461d4047c139856b0e811f69113fbe47effd9ddb5231553fd354"
      },
      "dob": "1990-04-03 15:52:41",
      "registered": "2008-03-10 17:08:56",
      "phone": "(41) 9313-7395",
      "cell": "(11) 8413-9592",
      "id": {
        "name": "",
        "value": null
      },
      "picture": {
        "large": "https://randomuser.me/api/portraits/men/54.jpg",
        "medium": "https://randomuser.me/api/portraits/med/men/54.jpg",
        "thumbnail": "https://randomuser.me/api/portraits/thumb/men/54.jpg"
      },
      "nat": "BR"
    },
    {
      "gender": "female",
      "name": {
        "title": "mrs",
        "first": "linnea",
        "last": "salmi"
      },
      "location": {
        "street": "4012 fredrikinkatu",
        "city": "porvoo",
        "state": "lapland",
        "postcode": 75521
      },
      "email": "linnea.salmi@example.com",
      "login": {
        "username": "ticklishdog232",
        "password": "core",
        "salt": "C1t4hqPK",
        "md5": "60b3ba035bee12436840b29f8fbe4a8b",
        "sha1": "05f126f42373271054fb99e3d735be0d685164ae",
        "sha256": "782baade10239315ed4f2bf6588c4732b08ca4cd0b8ca857a0db80ead1def400"
      },
      "dob": "1952-11-24 21:48:46",
      "registered": "2008-01-07 00:42:58",
      "phone": "09-121-543",
      "cell": "046-886-27-29",
      "id": {
        "name": "HETU",
        "value": "1152-346E"
      },
      "picture": {
        "large": "https://randomuser.me/api/portraits/women/82.jpg",
        "medium": "https://randomuser.me/api/portraits/med/women/82.jpg",
        "thumbnail": "https://randomuser.me/api/portraits/thumb/women/82.jpg"
      },
      "nat": "FI"
    },
    {
      "gender": "male",
      "name": {
        "title": "monsieur",
        "first": "luis",
        "last": "noel"
      },
      "location": {
        "street": "2365 avenue de la république",
        "city": "sugnens",
        "state": "fribourg",
        "postcode": 9337
      },
      "email": "luis.noel@example.com",
      "login": {
        "username": "heavyostrich737",
        "password": "forum",
        "salt": "TEtFpIKe",
        "md5": "37fe313eed6ba78532b0cfedef8f12e6",
        "sha1": "1b4b3c5161a4c0a1c1a994658b96df20e6f7cf3b",
        "sha256": "4403c8ba837e5a6a3bb09627d1d0c61bc062d83abea8656dab426dd3d7dffcc2"
      },
      "dob": "1984-08-14 14:54:32",
      "registered": "2003-06-03 04:55:33",
      "phone": "(259)-081-1494",
      "cell": "(389)-735-1235",
      "id": {
        "name": "AVS",
        "value": "756.GTYH.TEAT.19"
      },
      "picture": {
        "large": "https://randomuser.me/api/portraits/men/93.jpg",
        "medium": "https://randomuser.me/api/portraits/med/men/93.jpg",
        "thumbnail": "https://randomuser.me/api/portraits/thumb/men/93.jpg"
      },
      "nat": "CH"
    },
    {
      "gender": "male",
      "name": {
        "title": "monsieur",
        "first": "arthur",
        "last": "garnier"
      },
      "location": {
        "street": "3624 avenue du fort-caire",
        "city": "cully",
        "state": "jura",
        "postcode": 5792
      },
      "email": "arthur.garnier@example.com",
      "login": {
        "username": "ticklishladybug755",
        "password": "uuuuuuuu",
        "salt": "5018hAiN",
        "md5": "00acc443f93a824b69583d51739f1c39",
        "sha1": "9b82d42e19486e1c072ea12be2b3db55a0215abb",
        "sha256": "c86e70a2bbf1d44dd750e0f1b4b391fcd07f98d6d743f109db46e024c3c2cb69"
      },
      "dob": "1969-05-25 00:05:12",
      "registered": "2003-05-07 23:28:53",
      "phone": "(125)-018-7366",
      "cell": "(578)-480-6470",
      "id": {
        "name": "AVS",
        "value": "756.FFGL.BYEI.37"
      },
      "picture": {
        "large": "https://randomuser.me/api/portraits/men/81.jpg",
        "medium": "https://randomuser.me/api/portraits/med/men/81.jpg",
        "thumbnail": "https://randomuser.me/api/portraits/thumb/men/81.jpg"
      },
      "nat": "CH"
    },
    {
      "gender": "female",
      "name": {
        "title": "ms",
        "first": "zoe",
        "last": "wood"
      },
      "location": {
        "street": "4320 white swan road",
        "city": "tauranga",
        "state": "taranaki",
        "postcode": 18606
      },
      "email": "zoe.wood@example.com",
      "login": {
        "username": "whiteelephant640",
        "password": "fishon",
        "salt": "0rPH0C1L",
        "md5": "8dde34b2b0cc34768ca22b7c6d1f91b2",
        "sha1": "41d06c62fc54d241c1c2b0e3ec0d440c37183633",
        "sha256": "7925e8b166390356c110bf6c712a76f37f5894b7b7c009e2e90c1540dd2d403f"
      },
      "dob": "1966-08-21 06:43:05",
      "registered": "2015-07-30 21:35:01",
      "phone": "(108)-395-3470",
      "cell": "(281)-595-5053",
      "id": {
        "name": "",
        "value": null
      },
      "picture": {
        "large": "https://randomuser.me/api/portraits/women/42.jpg",
        "medium": "https://randomuser.me/api/portraits/med/women/42.jpg",
        "thumbnail": "https://randomuser.me/api/portraits/thumb/women/42.jpg"
      },
      "nat": "NZ"
    },
    {
      "gender": "female",
      "name": {
        "title": "ms",
        "first": "sofia",
        "last": "hansen"
      },
      "location": {
        "street": "5037 kirkebyvej",
        "city": "sundby",
        "state": "nordjylland",
        "postcode": 15113
      },
      "email": "sofia.hansen@example.com",
      "login": {
        "username": "brownostrich200",
        "password": "ne1469",
        "salt": "ChHT68Ui",
        "md5": "176e8bf150f84ab9c3108906231b7971",
        "sha1": "bf9e925bf871159b4d8ce6509820f6bd1c33a169",
        "sha256": "08fbe8d0c909b4d8718f3fafa49419b2476e937a440cc48994423ca6ffe03da9"
      },
      "dob": "1952-12-09 19:27:06",
      "registered": "2014-10-24 23:20:12",
      "phone": "66613942",
      "cell": "67408599",
      "id": {
        "name": "CPR",
        "value": "900781-7301"
      },
      "picture": {
        "large": "https://randomuser.me/api/portraits/women/84.jpg",
        "medium": "https://randomuser.me/api/portraits/med/women/84.jpg",
        "thumbnail": "https://randomuser.me/api/portraits/thumb/women/84.jpg"
      },
      "nat": "DK"
    },
    {
      "gender": "female",
      "name": {
        "title": "miss",
        "first": "rose",
        "last": "smith"
      },
      "location": {
        "street": "3985 wairere drive",
        "city": "rotorua",
        "state": "tasman",
        "postcode": 56676
      },
      "email": "rose.smith@example.com",
      "login": {
        "username": "blackswan188",
        "password": "lumina",
        "salt": "kULY4s0U",
        "md5": "834afbcea4a25da375e10500e8d25d5d",
        "sha1": "0e3810ad2471f1c4238b70035b8cad27c6de6aca",
        "sha256": "83590a2fde9b6affec420c3bea64bb76f3749f0c18ceedf964339f6e23ae9aaa"
      },
      "dob": "1981-05-06 04:02:36",
      "registered": "2003-01-18 08:12:53",
      "phone": "(104)-517-7464",
      "cell": "(239)-289-9443",
      "id": {
        "name": "",
        "value": null
      },
      "picture": {
        "large": "https://randomuser.me/api/portraits/women/94.jpg",
        "medium": "https://randomuser.me/api/portraits/med/women/94.jpg",
        "thumbnail": "https://randomuser.me/api/portraits/thumb/women/94.jpg"
      },
      "nat": "NZ"
    },
    {
      "gender": "male",
      "name": {
        "title": "mr",
        "first": "antão",
        "last": "de souza"
      },
      "location": {
        "street": "2242 rua santo antônio ",
        "city": "crato",
        "state": "santa catarina",
        "postcode": 79265
      },
      "email": "antão.desouza@example.com",
      "login": {
        "username": "orangedog655",
        "password": "wg8e3wjf",
        "salt": "BqqUXNyL",
        "md5": "49c850b0bd368c52e29c77672a52b5c2",
        "sha1": "cdc984d46c7bccc939c2957c43a3a221b6217aff",
        "sha256": "549a5c45fd132ac5bb9f03bcf709c38b87c76a0b38d34d61165f9a050944a969"
      },
      "dob": "1956-07-02 13:17:20",
      "registered": "2005-07-07 06:14:59",
      "phone": "(03) 0914-0060",
      "cell": "(90) 8453-6651",
      "id": {
        "name": "",
        "value": null
      },
      "picture": {
        "large": "https://randomuser.me/api/portraits/men/18.jpg",
        "medium": "https://randomuser.me/api/portraits/med/men/18.jpg",
        "thumbnail": "https://randomuser.me/api/portraits/thumb/men/18.jpg"
      },
      "nat": "BR"
    },
    {
      "gender": "female",
      "name": {
        "title": "ms",
        "first": "lotte",
        "last": "metzger"
      },
      "location": {
        "street": "8982 lessingstraße",
        "city": "segeberg",
        "state": "saarland",
        "postcode": 93086
      },
      "email": "lotte.metzger@example.com",
      "login": {
        "username": "orangerabbit112",
        "password": "internal",
        "salt": "7jFu7t5J",
        "md5": "bb7220a4872acfc6029a7f190733c72a",
        "sha1": "d4b0527677cf5bb6f89477c9e42df2f3bdb35949",
        "sha256": "e98ef6b831ad0e8328fc68e2403c2ab9428514fb13ef926bdcac9203a7a1f29f"
      },
      "dob": "1963-01-12 23:33:30",
      "registered": "2007-11-09 10:56:49",
      "phone": "0856-2512212",
      "cell": "0171-5038100",
      "id": {
        "name": "",
        "value": null
      },
      "picture": {
        "large": "https://randomuser.me/api/portraits/women/70.jpg",
        "medium": "https://randomuser.me/api/portraits/med/women/70.jpg",
        "thumbnail": "https://randomuser.me/api/portraits/thumb/women/70.jpg"
      },
      "nat": "DE"
    },
    {
      "gender": "male",
      "name": {
        "title": "mr",
        "first": "earl",
        "last": "craig"
      },
      "location": {
        "street": "9215 ash dr",
        "city": "wollongong",
        "state": "new south wales",
        "postcode": 1505
      },
      "email": "earl.craig@example.com",
      "login": {
        "username": "bigleopard919",
        "password": "weird",
        "salt": "t8Z1tuWo",
        "md5": "54e934e476e7b4807c617422d3622daf",
        "sha1": "135856f005f178c7f703254391659f13c171df50",
        "sha256": "bf6e1c883fe54dd5365b926ab71bf70f3a100c546e66e5bf77c70c60975198d8"
      },
      "dob": "1951-08-28 23:47:15",
      "registered": "2014-01-21 15:44:23",
      "phone": "00-4348-7697",
      "cell": "0481-796-556",
      "id": {
        "name": "TFN",
        "value": "449934995"
      },
      "picture": {
        "large": "https://randomuser.me/api/portraits/men/48.jpg",
        "medium": "https://randomuser.me/api/portraits/med/men/48.jpg",
        "thumbnail": "https://randomuser.me/api/portraits/thumb/men/48.jpg"
      },
      "nat": "AU"
    },
    {
      "gender": "female",
      "name": {
        "title": "ms",
        "first": "israelita",
        "last": "pereira"
      },
      "location": {
        "street": "9015 rua castro alves ",
        "city": "governador valadares",
        "state": "amazonas",
        "postcode": 76449
      },
      "email": "israelita.pereira@example.com",
      "login": {
        "username": "orangeladybug996",
        "password": "clouds",
        "salt": "bhXqdUFp",
        "md5": "9d5fc66feeaa297d7f8c83ec53743153",
        "sha1": "7a2c14a1c4ebbe086cc2e582d281f9970d2ec717",
        "sha256": "71c5ec03ab18d1c73565c55ab82dec4183b4636b015212ad3a1fb0ce35373669"
      },
      "dob": "1956-05-06 06:34:13",
      "registered": "2013-10-23 06:33:10",
      "phone": "(09) 8456-5853",
      "cell": "(68) 0807-4895",
      "id": {
        "name": "",
        "value": null
      },
      "picture": {
        "large": "https://randomuser.me/api/portraits/women/78.jpg",
        "medium": "https://randomuser.me/api/portraits/med/women/78.jpg",
        "thumbnail": "https://randomuser.me/api/portraits/thumb/women/78.jpg"
      },
      "nat": "BR"
    },
    {
      "gender": "female",
      "name": {
        "title": "mrs",
        "first": "mestan",
        "last": "çapanoğlu"
      },
      "location": {
        "street": "7034 necatibey cd",
        "city": "amasya",
        "state": "hakkâri",
        "postcode": 44250
      },
      "email": "mestan.çapanoğlu@example.com",
      "login": {
        "username": "crazyfrog264",
        "password": "grandam",
        "salt": "XtepApt6",
        "md5": "e4ebd8a1d4054c0aea8a4c35c373171d",
        "sha1": "bb373e0715b194eff07abd598d9825f4057f7886",
        "sha256": "6426622e50bc38feb85a27a89ec5b7e8df9e09d2d98e27489e414defcf4ae5fa"
      },
      "dob": "1956-05-25 19:05:03",
      "registered": "2012-07-18 04:39:33",
      "phone": "(348)-326-8618",
      "cell": "(609)-915-4295",
      "id": {
        "name": "",
        "value": null
      },
      "picture": {
        "large": "https://randomuser.me/api/portraits/women/38.jpg",
        "medium": "https://randomuser.me/api/portraits/med/women/38.jpg",
        "thumbnail": "https://randomuser.me/api/portraits/thumb/women/38.jpg"
      },
      "nat": "TR"
    },
    {
      "gender": "female",
      "name": {
        "title": "ms",
        "first": "theresa",
        "last": "freeman"
      },
      "location": {
        "street": "3994 marsh ln",
        "city": "el paso",
        "state": "michigan",
        "postcode": 59057
      },
      "email": "theresa.freeman@example.com",
      "login": {
        "username": "blackdog525",
        "password": "january",
        "salt": "wo3uNOd0",
        "md5": "6be19c3609ef7caa60e14daf2da4bcf5",
        "sha1": "cec6f2e0d5c6855ed7a10659f9a81926b04f7374",
        "sha256": "eab299a1d36d5ef218843711a64f843eac230168ff073654711da9f322d51e95"
      },
      "dob": "1945-06-17 06:47:13",
      "registered": "2009-09-20 19:01:47",
      "phone": "(623)-022-0153",
      "cell": "(684)-138-7516",
      "id": {
        "name": "SSN",
        "value": "185-68-8769"
      },
      "picture": {
        "large": "https://randomuser.me/api/portraits/women/85.jpg",
        "medium": "https://randomuser.me/api/portraits/med/women/85.jpg",
        "thumbnail": "https://randomuser.me/api/portraits/thumb/women/85.jpg"
      },
      "nat": "US"
    }
  ],
  "info": {
    "seed": "729c327f62067619",
    "results": 30,
    "page": 1,
    "version": "1.1"
  }
}